sample,input,baseline_acc24,fused_acc24,output_divided_by_128
0,0,0,0,0.0
1,38,38,38,0.296875
2,3,117,117,0.9140625
3,3,202,202,1.578125
4,58,348,348,2.71875
5,50,602,602,4.703125
6,17,923,923,7.2109375
7,56,1317,1317,10.2890625
8,83,1850,1850,14.453125
9,40,2430,2430,18.984375
10,41,3009,3009,23.5078125
11,87,3704,3704,28.9375
12,65,4429,4429,34.6015625
13,27,5030,5030,39.296875
14,62,5586,5586,43.640625
15,74,6132,6132,47.90625
16,21,6495,6495,50.7421875
17,20,6691,6691,52.2734375
18,57,6843,6843,53.4609375
19,22,6824,6824,53.3125
20,-18,6566,6566,51.296875
21,16,6230,6230,48.671875
22,17,5816,5816,45.4375
23,-39,5181,5181,40.4765625
24,-34,4422,4422,34.546875
25,-1,3669,3669,28.6640625
26,-41,2801,2801,21.8828125
27,-73,1789,1789,13.9765625
28,-33,815,815,6.3671875
29,-34,-130,-130,-1.015625
30,-84,-1170,-1170,-9.140625
31,-67,-2181,-2181,-17.0390625
32,-30,-3048,-3048,-23.8125
33,-67,-3901,-3901,-30.4765625
34,-84,-4744,-4744,-37.0625
35,-34,-5398,-5398,-42.171875
36,-33,-5903,-5903,-46.1171875
37,-73,-6382,-6382,-49.859375
38,-41,-6706,-6706,-52.390625
39,-1,-6792,-6792,-53.0625
40,-34,-6792,-6792,-53.0625
41,-39,-6706,-6706,-52.390625
42,17,-6382,-6382,-49.859375
43,16,-5903,-5903,-46.1171875
44,-18,-5398,-5398,-42.171875
45,22,-4744,-4744,-37.0625
46,57,-3901,-3901,-30.4765625
47,20,-3048,-3048,-23.8125
48,21,-2181,-2181,-17.0390625
49,74,-1170,-1170,-9.140625
50,62,-130,-130,-1.015625
51,27,815,815,6.3671875
52,65,1789,1789,13.9765625
53,87,2801,2801,21.8828125
54,41,3669,3669,28.6640625
55,40,4422,4422,34.546875
56,83,5181,5181,40.4765625
57,56,5816,5816,45.4375
58,17,6230,6230,48.671875
59,50,6566,6566,51.296875
60,58,6824,6824,53.3125
61,3,6843,6843,53.4609375
62,3,6691,6691,52.2734375
63,38,6495,6495,50.7421875
64,0,6132,6132,47.90625
65,-38,5548,5548,43.34375
66,-3,4913,4913,38.3828125
67,-3,4227,4227,33.0234375
68,-58,3356,3356,26.21875
69,-50,2407,2407,18.8046875
70,-17,1507,1507,11.7734375
71,-56,533,533,4.1640625
72,-83,-533,-533,-4.1640625
73,-40,-1507,-1507,-11.7734375
74,-41,-2407,-2407,-18.8046875
75,-87,-3356,-3356,-26.21875
76,-65,-4227,-4227,-33.0234375
77,-27,-4913,-4913,-38.3828125
78,-62,-5548,-5548,-43.34375
79,-74,-6132,-6132,-47.90625
80,-21,-6495,-6495,-50.7421875
81,-20,-6691,-6691,-52.2734375
82,-57,-6843,-6843,-53.4609375
83,-22,-6824,-6824,-53.3125
84,18,-6566,-6566,-51.296875
85,-16,-6230,-6230,-48.671875
86,-17,-5816,-5816,-45.4375
87,39,-5181,-5181,-40.4765625
88,34,-4422,-4422,-34.546875
89,1,-3669,-3669,-28.6640625
90,41,-2801,-2801,-21.8828125
91,73,-1789,-1789,-13.9765625
92,33,-815,-815,-6.3671875
93,34,130,130,1.015625
94,84,1170,1170,9.140625
95,67,2181,2181,17.0390625
96,30,3048,3048,23.8125
97,67,3901,3901,30.4765625
98,84,4744,4744,37.0625
99,34,5398,5398,42.171875
100,33,5903,5903,46.1171875
101,73,6382,6382,49.859375
102,41,6706,6706,52.390625
103,1,6792,6792,53.0625
104,34,6792,6792,53.0625
105,39,6706,6706,52.390625
106,-17,6382,6382,49.859375
107,-16,5903,5903,46.1171875
108,18,5398,5398,42.171875
109,-22,4744,4744,37.0625
110,-57,3901,3901,30.4765625
111,-20,3048,3048,23.8125
112,-21,2181,2181,17.0390625
113,-74,1170,1170,9.140625
114,-62,130,130,1.015625
115,-27,-815,-815,-6.3671875
116,-65,-1789,-1789,-13.9765625
117,-87,-2801,-2801,-21.8828125
118,-41,-3669,-3669,-28.6640625
119,-40,-4422,-4422,-34.546875
120,-83,-5181,-5181,-40.4765625
121,-56,-5816,-5816,-45.4375
122,-17,-6230,-6230,-48.671875
123,-50,-6566,-6566,-51.296875
124,-58,-6824,-6824,-53.3125
125,-3,-6843,-6843,-53.4609375
126,-3,-6691,-6691,-52.2734375
127,-38,-6495,-6495,-50.7421875
